{
  "zoom": 4,
  "south": -66.51326044311186,
  "west": -180,
  "north": 85.0511287798066,
  "east": 180,
  "leaflet": [
    [
      -66.51326044311186,
      -180
    ],
    [
      85.0511287798066,
      180
    ]
  ]
}